{"sources":[{"type":"single","resource":"minecraft:required/particle","sprite":"minecraft:required/particle"},{"type":"single","resource":"minecraft:required/ascii_offset","sprite":"minecraft:required/ascii_offset"},{"type":"single","resource":"minecraft:required/arrow_previous_icon","sprite":"minecraft:required/arrow_previous_icon"},{"type":"single","resource":"minecraft:required/arrow_next_icon","sprite":"minecraft:required/arrow_next_icon"},{"type":"single","resource":"minecraft:models/armor/leather_layer_2_overlay","sprite":"minecraft:models/armor/leather_layer_2_overlay"},{"type":"single","resource":"minecraft:models/armor/leather_layer_1_overlay","sprite":"minecraft:models/armor/leather_layer_1_overlay"},{"type":"single","resource":"minecraft:items/mmoinventory/tome","sprite":"minecraft:items/mmoinventory/tome"},{"type":"single","resource":"minecraft:items/mmoinventory/ring2","sprite":"minecraft:items/mmoinventory/ring2"},{"type":"single","resource":"minecraft:items/mmoinventory/ring1","sprite":"minecraft:items/mmoinventory/ring1"},{"type":"single","resource":"minecraft:items/mmoinventory/off_hand","sprite":"minecraft:items/mmoinventory/off_hand"},{"type":"single","resource":"minecraft:items/mmoinventory/mainhand","sprite":"minecraft:items/mmoinventory/mainhand"},{"type":"single","resource":"minecraft:items/mmoinventory/leggings","sprite":"minecraft:items/mmoinventory/leggings"},{"type":"single","resource":"minecraft:items/mmoinventory/helmet","sprite":"minecraft:items/mmoinventory/helmet"},{"type":"single","resource":"minecraft:items/mmoinventory/gloves","sprite":"minecraft:items/mmoinventory/gloves"},{"type":"single","resource":"minecraft:items/mmoinventory/fill","sprite":"minecraft:items/mmoinventory/fill"},{"type":"single","resource":"minecraft:items/mmoinventory/emblem_unlocked","sprite":"minecraft:items/mmoinventory/emblem_unlocked"},{"type":"single","resource":"minecraft:items/mmoinventory/emblem_locked","sprite":"minecraft:items/mmoinventory/emblem_locked"},{"type":"single","resource":"minecraft:items/mmoinventory/emblem","sprite":"minecraft:items/mmoinventory/emblem"},{"type":"single","resource":"minecraft:items/mmoinventory/chestplate","sprite":"minecraft:items/mmoinventory/chestplate"},{"type":"single","resource":"minecraft:items/mmoinventory/bracelet","sprite":"minecraft:items/mmoinventory/bracelet"},{"type":"single","resource":"minecraft:items/mmoinventory/boots","sprite":"minecraft:items/mmoinventory/boots"},{"type":"single","resource":"minecraft:items/mmoinventory/artifact_unlocked","sprite":"minecraft:items/mmoinventory/artifact_unlocked"},{"type":"single","resource":"minecraft:items/mmoinventory/artifact_locked","sprite":"minecraft:items/mmoinventory/artifact_locked"},{"type":"single","resource":"minecraft:items/mmoinventory/artifact_3","sprite":"minecraft:items/mmoinventory/artifact_3"},{"type":"single","resource":"minecraft:items/mmoinventory/artifact_2","sprite":"minecraft:items/mmoinventory/artifact_2"},{"type":"single","resource":"minecraft:items/mmoinventory/artifact_1","sprite":"minecraft:items/mmoinventory/artifact_1"},{"type":"single","resource":"minecraft:items/mmoinventory/amulet","sprite":"minecraft:items/mmoinventory/amulet"},{"type":"single","resource":"minecraft:items/mmoinventory/accessory_3","sprite":"minecraft:items/mmoinventory/accessory_3"},{"type":"single","resource":"minecraft:items/mmoinventory/accessory_2","sprite":"minecraft:items/mmoinventory/accessory_2"},{"type":"single","resource":"minecraft:items/mmoinventory/accessory_1","sprite":"minecraft:items/mmoinventory/accessory_1"},{"type":"single","resource":"minecraft:gui/bars","sprite":"minecraft:gui/bars"},{"type":"single","resource":"minecraft:custom/ui/stats","sprite":"minecraft:custom/ui/stats"},{"type":"single","resource":"minecraft:custom/ui/return","sprite":"minecraft:custom/ui/return"},{"type":"single","resource":"minecraft:custom/ui/report","sprite":"minecraft:custom/ui/report"},{"type":"single","resource":"minecraft:custom/ui/playerreport","sprite":"minecraft:custom/ui/playerreport"},{"type":"single","resource":"minecraft:custom/ui/options","sprite":"minecraft:custom/ui/options"},{"type":"single","resource":"minecraft:custom/ui/feedback","sprite":"minecraft:custom/ui/feedback"},{"type":"single","resource":"minecraft:custom/ui/advancements","sprite":"minecraft:custom/ui/advancements"},{"type":"single","resource":"minecraft:custom/space_split","sprite":"minecraft:custom/space_split"},{"type":"single","resource":"minecraft:custom/space_nosplit","sprite":"minecraft:custom/space_nosplit"},{"type":"single","resource":"minecraft:custom/region/the_other_side","sprite":"minecraft:custom/region/the_other_side"},{"type":"single","resource":"minecraft:custom/region/shop","sprite":"minecraft:custom/region/shop"},{"type":"single","resource":"minecraft:custom/region/prize_corner","sprite":"minecraft:custom/region/prize_corner"},{"type":"single","resource":"minecraft:custom/region/library","sprite":"minecraft:custom/region/library"},{"type":"single","resource":"minecraft:custom/region/jeweler","sprite":"minecraft:custom/region/jeweler"},{"type":"single","resource":"minecraft:custom/region/hall_of_fame","sprite":"minecraft:custom/region/hall_of_fame"},{"type":"single","resource":"minecraft:custom/region/dungeon_portal","sprite":"minecraft:custom/region/dungeon_portal"},{"type":"single","resource":"minecraft:custom/region/draford","sprite":"minecraft:custom/region/draford"},{"type":"single","resource":"minecraft:custom/region/blacksmith","sprite":"minecraft:custom/region/blacksmith"},{"type":"single","resource":"minecraft:custom/region/alchemy_room","sprite":"minecraft:custom/region/alchemy_room"},{"type":"single","resource":"minecraft:custom/region/ah","sprite":"minecraft:custom/region/ah"},{"type":"single","resource":"minecraft:custom/misc/yes","sprite":"minecraft:custom/misc/yes"},{"type":"single","resource":"minecraft:custom/misc/wait","sprite":"minecraft:custom/misc/wait"},{"type":"single","resource":"minecraft:custom/misc/update","sprite":"minecraft:custom/misc/update"},{"type":"single","resource":"minecraft:custom/misc/totem_of_undying","sprite":"minecraft:custom/misc/totem_of_undying"},{"type":"single","resource":"minecraft:custom/misc/talk","sprite":"minecraft:custom/misc/talk"},{"type":"single","resource":"minecraft:custom/misc/power","sprite":"minecraft:custom/misc/power"},{"type":"single","resource":"minecraft:custom/misc/no","sprite":"minecraft:custom/misc/no"},{"type":"single","resource":"minecraft:custom/misc/netherite_leggings","sprite":"minecraft:custom/misc/netherite_leggings"},{"type":"single","resource":"minecraft:custom/misc/netherite_helmet","sprite":"minecraft:custom/misc/netherite_helmet"},{"type":"single","resource":"minecraft:custom/misc/netherite_chestplate","sprite":"minecraft:custom/misc/netherite_chestplate"},{"type":"single","resource":"minecraft:custom/misc/netherite_boots","sprite":"minecraft:custom/misc/netherite_boots"},{"type":"single","resource":"minecraft:custom/misc/money","sprite":"minecraft:custom/misc/money"},{"type":"single","resource":"minecraft:custom/misc/menu","sprite":"minecraft:custom/misc/menu"},{"type":"single","resource":"minecraft:custom/misc/gift","sprite":"minecraft:custom/misc/gift"},{"type":"single","resource":"minecraft:custom/misc/equipments","sprite":"minecraft:custom/misc/equipments"},{"type":"single","resource":"minecraft:custom/misc/enchant","sprite":"minecraft:custom/misc/enchant"},{"type":"single","resource":"minecraft:custom/misc/emblem","sprite":"minecraft:custom/misc/emblem"},{"type":"single","resource":"minecraft:custom/misc/coming_soon","sprite":"minecraft:custom/misc/coming_soon"},{"type":"single","resource":"minecraft:custom/misc/air","sprite":"minecraft:custom/misc/air"},{"type":"single","resource":"minecraft:custom/misc/adventurer_guild","sprite":"minecraft:custom/misc/adventurer_guild"},{"type":"single","resource":"minecraft:custom/items/sword/titanium_blade","sprite":"minecraft:custom/items/sword/titanium_blade"},{"type":"single","resource":"minecraft:custom/items/sword/the_trickster","sprite":"minecraft:custom/items/sword/the_trickster"},{"type":"single","resource":"minecraft:custom/items/sword/securus","sprite":"minecraft:custom/items/sword/securus"},{"type":"single","resource":"minecraft:custom/items/sword/platinum_waraxe","sprite":"minecraft:custom/items/sword/platinum_waraxe"},{"type":"single","resource":"minecraft:custom/items/sword/orichalcum_sword","sprite":"minecraft:custom/items/sword/orichalcum_sword"},{"type":"single","resource":"minecraft:custom/items/sword/mythril_greatsword","sprite":"minecraft:custom/items/sword/mythril_greatsword"},{"type":"single","resource":"minecraft:custom/items/sword/immolus","sprite":"minecraft:custom/items/sword/immolus"},{"type":"single","resource":"minecraft:custom/items/sword/harbinger_of_death","sprite":"minecraft:custom/items/sword/harbinger_of_death"},{"type":"single","resource":"minecraft:custom/items/sword/death_embrace","sprite":"minecraft:custom/items/sword/death_embrace"},{"type":"single","resource":"minecraft:custom/items/sword/daedalus_replica","sprite":"minecraft:custom/items/sword/daedalus_replica"},{"type":"single","resource":"minecraft:custom/items/sword/cobra","sprite":"minecraft:custom/items/sword/cobra"},{"type":"single","resource":"minecraft:custom/items/sword/calamity","sprite":"minecraft:custom/items/sword/calamity"},{"type":"single","resource":"minecraft:custom/items/sword/bloodsucker","sprite":"minecraft:custom/items/sword/bloodsucker"},{"type":"single","resource":"minecraft:custom/items/sword/ark_of_the_cosmos","sprite":"minecraft:custom/items/sword/ark_of_the_cosmos"},{"type":"single","resource":"minecraft:custom/items/sword/absolute_zero","sprite":"minecraft:custom/items/sword/absolute_zero"},{"type":"single","resource":"minecraft:custom/items/staff/starcaller","sprite":"minecraft:custom/items/staff/starcaller"},{"type":"single","resource":"minecraft:custom/items/staff/scorpio","sprite":"minecraft:custom/items/staff/scorpio"},{"type":"single","resource":"minecraft:custom/items/staff/platinum_staff","sprite":"minecraft:custom/items/staff/platinum_staff"},{"type":"single","resource":"minecraft:custom/items/staff/mythril_staff","sprite":"minecraft:custom/items/staff/mythril_staff"},{"type":"single","resource":"minecraft:custom/items/staff/golden_scepter","sprite":"minecraft:custom/items/staff/golden_scepter"},{"type":"single","resource":"minecraft:custom/items/staff/frigid","sprite":"minecraft:custom/items/staff/frigid"},{"type":"single","resource":"minecraft:custom/items/staff/cataclysm","sprite":"minecraft:custom/items/staff/cataclysm"},{"type":"single","resource":"minecraft:custom/items/staff/ancient_demise","sprite":"minecraft:custom/items/staff/ancient_demise"},{"type":"single","resource":"minecraft:custom/items/rune/vitality_5","sprite":"minecraft:custom/items/rune/vitality_5"},{"type":"single","resource":"minecraft:custom/items/rune/vitality_4","sprite":"minecraft:custom/items/rune/vitality_4"},{"type":"single","resource":"minecraft:custom/items/rune/vitality_3","sprite":"minecraft:custom/items/rune/vitality_3"},{"type":"single","resource":"minecraft:custom/items/rune/vitality_2","sprite":"minecraft:custom/items/rune/vitality_2"},{"type":"single","resource":"minecraft:custom/items/rune/vitality_1","sprite":"minecraft:custom/items/rune/vitality_1"},{"type":"single","resource":"minecraft:custom/items/rune/sorcery_5","sprite":"minecraft:custom/items/rune/sorcery_5"},{"type":"single","resource":"minecraft:custom/items/rune/sorcery_4","sprite":"minecraft:custom/items/rune/sorcery_4"},{"type":"single","resource":"minecraft:custom/items/rune/sorcery_3","sprite":"minecraft:custom/items/rune/sorcery_3"},{"type":"single","resource":"minecraft:custom/items/rune/sorcery_2","sprite":"minecraft:custom/items/rune/sorcery_2"},{"type":"single","resource":"minecraft:custom/items/rune/sorcery_1","sprite":"minecraft:custom/items/rune/sorcery_1"},{"type":"single","resource":"minecraft:custom/items/rune/precision_5","sprite":"minecraft:custom/items/rune/precision_5"},{"type":"single","resource":"minecraft:custom/items/rune/precision_4","sprite":"minecraft:custom/items/rune/precision_4"},{"type":"single","resource":"minecraft:custom/items/rune/precision_3","sprite":"minecraft:custom/items/rune/precision_3"},{"type":"single","resource":"minecraft:custom/items/rune/precision_2","sprite":"minecraft:custom/items/rune/precision_2"},{"type":"single","resource":"minecraft:custom/items/rune/precision_1","sprite":"minecraft:custom/items/rune/precision_1"},{"type":"single","resource":"minecraft:custom/items/rune/derunator","sprite":"minecraft:custom/items/rune/derunator"},{"type":"single","resource":"minecraft:custom/items/potion/supreme_mana_potion","sprite":"minecraft:custom/items/potion/supreme_mana_potion"},{"type":"single","resource":"minecraft:custom/items/potion/supreme_health_potion","sprite":"minecraft:custom/items/potion/supreme_health_potion"},{"type":"single","resource":"minecraft:custom/items/potion/small_mana_potion","sprite":"minecraft:custom/items/potion/small_mana_potion"},{"type":"single","resource":"minecraft:custom/items/potion/small_health_potion","sprite":"minecraft:custom/items/potion/small_health_potion"},{"type":"single","resource":"minecraft:custom/items/potion/mana_potion","sprite":"minecraft:custom/items/potion/mana_potion"},{"type":"single","resource":"minecraft:custom/items/potion/large_mana_potion","sprite":"minecraft:custom/items/potion/large_mana_potion"},{"type":"single","resource":"minecraft:custom/items/potion/large_health_potion","sprite":"minecraft:custom/items/potion/large_health_potion"},{"type":"single","resource":"minecraft:custom/items/potion/health_potion","sprite":"minecraft:custom/items/potion/health_potion"},{"type":"single","resource":"minecraft:custom/items/pickaxe/titanium_pickaxe","sprite":"minecraft:custom/items/pickaxe/titanium_pickaxe"},{"type":"single","resource":"minecraft:custom/items/pickaxe/orichalcum_pickaxe","sprite":"minecraft:custom/items/pickaxe/orichalcum_pickaxe"},{"type":"single","resource":"minecraft:custom/items/pickaxe/mythril_pickaxe","sprite":"minecraft:custom/items/pickaxe/mythril_pickaxe"},{"type":"single","resource":"minecraft:custom/items/pickaxe/iridium_pickaxe","sprite":"minecraft:custom/items/pickaxe/iridium_pickaxe"},{"type":"single","resource":"minecraft:custom/items/minerals/uranium_debris","sprite":"minecraft:custom/items/minerals/uranium_debris"},{"type":"single","resource":"minecraft:custom/items/minerals/uranium","sprite":"minecraft:custom/items/minerals/uranium"},{"type":"single","resource":"minecraft:custom/items/minerals/titanium_ingot","sprite":"minecraft:custom/items/minerals/titanium_ingot"},{"type":"single","resource":"minecraft:custom/items/minerals/orichalcum_ingot","sprite":"minecraft:custom/items/minerals/orichalcum_ingot"},{"type":"single","resource":"minecraft:custom/items/minerals/mythril_ingot","sprite":"minecraft:custom/items/minerals/mythril_ingot"},{"type":"single","resource":"minecraft:custom/items/minerals/iridium_shard","sprite":"minecraft:custom/items/minerals/iridium_shard"},{"type":"single","resource":"minecraft:custom/items/minerals/iridium_crystal","sprite":"minecraft:custom/items/minerals/iridium_crystal"},{"type":"single","resource":"minecraft:custom/items/materials/withered_rose","sprite":"minecraft:custom/items/materials/withered_rose"},{"type":"single","resource":"minecraft:custom/items/materials/witch_blood","sprite":"minecraft:custom/items/materials/witch_blood"},{"type":"single","resource":"minecraft:custom/items/materials/warden_heart","sprite":"minecraft:custom/items/materials/warden_heart"},{"type":"single","resource":"minecraft:custom/items/materials/void_stone","sprite":"minecraft:custom/items/materials/void_stone"},{"type":"single","resource":"minecraft:custom/items/materials/uncanny_obelisk","sprite":"minecraft:custom/items/materials/uncanny_obelisk"},{"type":"single","resource":"minecraft:custom/items/materials/teal_mushroom","sprite":"minecraft:custom/items/materials/teal_mushroom"},{"type":"single","resource":"minecraft:custom/items/materials/slimy_mucus","sprite":"minecraft:custom/items/materials/slimy_mucus"},{"type":"single","resource":"minecraft:custom/items/materials/silver_leaf","sprite":"minecraft:custom/items/materials/silver_leaf"},{"type":"single","resource":"minecraft:custom/items/materials/shard_of_true_ice","sprite":"minecraft:custom/items/materials/shard_of_true_ice"},{"type":"single","resource":"minecraft:custom/items/materials/red_candycane","sprite":"minecraft:custom/items/materials/red_candycane"},{"type":"single","resource":"minecraft:custom/items/materials/quinerus_cloak","sprite":"minecraft:custom/items/materials/quinerus_cloak"},{"type":"single","resource":"minecraft:custom/items/materials/prismatic_fruit","sprite":"minecraft:custom/items/materials/prismatic_fruit"},{"type":"single","resource":"minecraft:custom/items/materials/null_cell","sprite":"minecraft:custom/items/materials/null_cell"},{"type":"single","resource":"minecraft:custom/items/materials/nightmare_fuel","sprite":"minecraft:custom/items/materials/nightmare_fuel"},{"type":"single","resource":"minecraft:custom/items/materials/nightmare_bar","sprite":"minecraft:custom/items/materials/nightmare_bar"},{"type":"single","resource":"minecraft:custom/items/materials/mortos_belt","sprite":"minecraft:custom/items/materials/mortos_belt"},{"type":"single","resource":"minecraft:custom/items/materials/living_flame","sprite":"minecraft:custom/items/materials/living_flame"},{"type":"single","resource":"minecraft:custom/items/materials/ignetto_alloy","sprite":"minecraft:custom/items/materials/ignetto_alloy"},{"type":"single","resource":"minecraft:custom/items/materials/hexim_necklace","sprite":"minecraft:custom/items/materials/hexim_necklace"},{"type":"single","resource":"minecraft:custom/items/materials/herald_of_the_end","sprite":"minecraft:custom/items/materials/herald_of_the_end"},{"type":"single","resource":"minecraft:custom/items/materials/gem","sprite":"minecraft:custom/items/materials/gem"},{"type":"single","resource":"minecraft:custom/items/materials/exo_stone","sprite":"minecraft:custom/items/materials/exo_stone"},{"type":"single","resource":"minecraft:custom/items/materials/endergem","sprite":"minecraft:custom/items/materials/endergem"},{"type":"single","resource":"minecraft:custom/items/materials/endercore","sprite":"minecraft:custom/items/materials/endercore"},{"type":"single","resource":"minecraft:custom/items/materials/dragon_scale","sprite":"minecraft:custom/items/materials/dragon_scale"},{"type":"single","resource":"minecraft:custom/items/materials/divine_geode","sprite":"minecraft:custom/items/materials/divine_geode"},{"type":"single","resource":"minecraft:custom/items/materials/detached_eye","sprite":"minecraft:custom/items/materials/detached_eye"},{"type":"single","resource":"minecraft:custom/items/materials/crate_key","sprite":"minecraft:custom/items/materials/crate_key"},{"type":"single","resource":"minecraft:custom/items/materials/catastrophe_broken","sprite":"minecraft:custom/items/materials/catastrophe_broken"},{"type":"single","resource":"minecraft:custom/items/materials/cataclysm_handle","sprite":"minecraft:custom/items/materials/cataclysm_handle"},{"type":"single","resource":"minecraft:custom/items/materials/calamity_handle","sprite":"minecraft:custom/items/materials/calamity_handle"},{"type":"single","resource":"minecraft:custom/items/materials/caeletus_ring","sprite":"minecraft:custom/items/materials/caeletus_ring"},{"type":"single","resource":"minecraft:custom/items/materials/blue_candycane","sprite":"minecraft:custom/items/materials/blue_candycane"},{"type":"single","resource":"minecraft:custom/items/materials/bloom_doom","sprite":"minecraft:custom/items/materials/bloom_doom"},{"type":"single","resource":"minecraft:custom/items/materials/black_powder","sprite":"minecraft:custom/items/materials/black_powder"},{"type":"single","resource":"minecraft:custom/items/fish/voidfish","sprite":"minecraft:custom/items/fish/voidfish"},{"type":"single","resource":"minecraft:custom/items/fish/void_pearl","sprite":"minecraft:custom/items/fish/void_pearl"},{"type":"single","resource":"minecraft:custom/items/fish/void_eel","sprite":"minecraft:custom/items/fish/void_eel"},{"type":"single","resource":"minecraft:custom/items/fish/starfish","sprite":"minecraft:custom/items/fish/starfish"},{"type":"single","resource":"minecraft:custom/items/fish/squid","sprite":"minecraft:custom/items/fish/squid"},{"type":"single","resource":"minecraft:custom/items/fish/shrimp","sprite":"minecraft:custom/items/fish/shrimp"},{"type":"single","resource":"minecraft:custom/items/fish/saphire_salmon","sprite":"minecraft:custom/items/fish/saphire_salmon"},{"type":"single","resource":"minecraft:custom/items/fish/saphire_rockfish","sprite":"minecraft:custom/items/fish/saphire_rockfish"},{"type":"single","resource":"minecraft:custom/items/fish/saphire_pufferfish","sprite":"minecraft:custom/items/fish/saphire_pufferfish"},{"type":"single","resource":"minecraft:custom/items/fish/saphire_lobster","sprite":"minecraft:custom/items/fish/saphire_lobster"},{"type":"single","resource":"minecraft:custom/items/fish/saphire_jellyfish","sprite":"minecraft:custom/items/fish/saphire_jellyfish"},{"type":"single","resource":"minecraft:custom/items/fish/moss_salmon","sprite":"minecraft:custom/items/fish/moss_salmon"},{"type":"single","resource":"minecraft:custom/items/fish/moss_mackerel","sprite":"minecraft:custom/items/fish/moss_mackerel"},{"type":"single","resource":"minecraft:custom/items/fish/moss_eel","sprite":"minecraft:custom/items/fish/moss_eel"},{"type":"single","resource":"minecraft:custom/items/fish/moss_carp","sprite":"minecraft:custom/items/fish/moss_carp"},{"type":"single","resource":"minecraft:custom/items/fish/mackerel","sprite":"minecraft:custom/items/fish/mackerel"},{"type":"single","resource":"minecraft:custom/items/fish/luminating_tissue","sprite":"minecraft:custom/items/fish/luminating_tissue"},{"type":"single","resource":"minecraft:custom/items/fish/lobster","sprite":"minecraft:custom/items/fish/lobster"},{"type":"single","resource":"minecraft:custom/items/fish/jellyfish","sprite":"minecraft:custom/items/fish/jellyfish"},{"type":"single","resource":"minecraft:custom/items/fish/heximus_flesh","sprite":"minecraft:custom/items/fish/heximus_flesh"},{"type":"single","resource":"minecraft:custom/items/fish/hexified_voidfish","sprite":"minecraft:custom/items/fish/hexified_voidfish"},{"type":"single","resource":"minecraft:custom/items/fish/hexified_starfish","sprite":"minecraft:custom/items/fish/hexified_starfish"},{"type":"single","resource":"minecraft:custom/items/fish/hexified_squid","sprite":"minecraft:custom/items/fish/hexified_squid"},{"type":"single","resource":"minecraft:custom/items/fish/hexified_lobster","sprite":"minecraft:custom/items/fish/hexified_lobster"},{"type":"single","resource":"minecraft:custom/items/fish/hexified_crab","sprite":"minecraft:custom/items/fish/hexified_crab"},{"type":"single","resource":"minecraft:custom/items/fish/golden_voidfish","sprite":"minecraft:custom/items/fish/golden_voidfish"},{"type":"single","resource":"minecraft:custom/items/fish/golden_starfish","sprite":"minecraft:custom/items/fish/golden_starfish"},{"type":"single","resource":"minecraft:custom/items/fish/golden_squid","sprite":"minecraft:custom/items/fish/golden_squid"},{"type":"single","resource":"minecraft:custom/items/fish/golden_shrimp","sprite":"minecraft:custom/items/fish/golden_shrimp"},{"type":"single","resource":"minecraft:custom/items/fish/golden_rod","sprite":"minecraft:custom/items/fish/golden_rod"},{"type":"single","resource":"minecraft:custom/items/fish/golden_rockfish","sprite":"minecraft:custom/items/fish/golden_rockfish"},{"type":"single","resource":"minecraft:custom/items/fish/golden_pufferfish","sprite":"minecraft:custom/items/fish/golden_pufferfish"},{"type":"single","resource":"minecraft:custom/items/fish/golden_mackerel","sprite":"minecraft:custom/items/fish/golden_mackerel"},{"type":"single","resource":"minecraft:custom/items/fish/golden_lobster","sprite":"minecraft:custom/items/fish/golden_lobster"},{"type":"single","resource":"minecraft:custom/items/fish/golden_jellyfish","sprite":"minecraft:custom/items/fish/golden_jellyfish"},{"type":"single","resource":"minecraft:custom/items/fish/golden_frog","sprite":"minecraft:custom/items/fish/golden_frog"},{"type":"single","resource":"minecraft:custom/items/fish/golden_eel","sprite":"minecraft:custom/items/fish/golden_eel"},{"type":"single","resource":"minecraft:custom/items/fish/golden_crab","sprite":"minecraft:custom/items/fish/golden_crab"},{"type":"single","resource":"minecraft:custom/items/fish/golden_carp","sprite":"minecraft:custom/items/fish/golden_carp"},{"type":"single","resource":"minecraft:custom/items/fish/eel","sprite":"minecraft:custom/items/fish/eel"},{"type":"single","resource":"minecraft:custom/items/fish/crab","sprite":"minecraft:custom/items/fish/crab"},{"type":"single","resource":"minecraft:custom/items/fish/carp","sprite":"minecraft:custom/items/fish/carp"},{"type":"single","resource":"minecraft:custom/items/dungeon_key_1","sprite":"minecraft:custom/items/dungeon_key_1"},{"type":"single","resource":"minecraft:custom/items/bow/platinum_bow","sprite":"minecraft:custom/items/bow/platinum_bow"},{"type":"single","resource":"minecraft:custom/items/bow/orichalcum_pulling_0","sprite":"minecraft:custom/items/bow/orichalcum_pulling_0"},{"type":"single","resource":"minecraft:custom/items/bow/orichalcum_bow_pulling_2","sprite":"minecraft:custom/items/bow/orichalcum_bow_pulling_2"},{"type":"single","resource":"minecraft:custom/items/bow/orichalcum_bow_pulling_1","sprite":"minecraft:custom/items/bow/orichalcum_bow_pulling_1"},{"type":"single","resource":"minecraft:custom/items/bow/orichalcum_bow","sprite":"minecraft:custom/items/bow/orichalcum_bow"},{"type":"single","resource":"minecraft:custom/items/bow/mythril_bow_pulling_2","sprite":"minecraft:custom/items/bow/mythril_bow_pulling_2"},{"type":"single","resource":"minecraft:custom/items/bow/mythril_bow_pulling_1","sprite":"minecraft:custom/items/bow/mythril_bow_pulling_1"},{"type":"single","resource":"minecraft:custom/items/bow/mythril_bow_pulling_0","sprite":"minecraft:custom/items/bow/mythril_bow_pulling_0"},{"type":"single","resource":"minecraft:custom/items/bow/mythril_bow","sprite":"minecraft:custom/items/bow/mythril_bow"},{"type":"single","resource":"minecraft:custom/items/bow/hospitality","sprite":"minecraft:custom/items/bow/hospitality"},{"type":"single","resource":"minecraft:custom/items/bow/divenetto_pulling_2","sprite":"minecraft:custom/items/bow/divenetto_pulling_2"},{"type":"single","resource":"minecraft:custom/items/bow/divenetto_pulling_1","sprite":"minecraft:custom/items/bow/divenetto_pulling_1"},{"type":"single","resource":"minecraft:custom/items/bow/divenetto_pulling_0","sprite":"minecraft:custom/items/bow/divenetto_pulling_0"},{"type":"single","resource":"minecraft:custom/items/bow/divenetto","sprite":"minecraft:custom/items/bow/divenetto"},{"type":"single","resource":"minecraft:custom/items/bow/catastrophe_pulling_2","sprite":"minecraft:custom/items/bow/catastrophe_pulling_2"},{"type":"single","resource":"minecraft:custom/items/bow/catastrophe_pulling_1","sprite":"minecraft:custom/items/bow/catastrophe_pulling_1"},{"type":"single","resource":"minecraft:custom/items/bow/catastrophe_pulling_0","sprite":"minecraft:custom/items/bow/catastrophe_pulling_0"},{"type":"single","resource":"minecraft:custom/items/bow/catastrophe","sprite":"minecraft:custom/items/bow/catastrophe"},{"type":"single","resource":"minecraft:custom/items/armor/uranium_leggings","sprite":"minecraft:custom/items/armor/uranium_leggings"},{"type":"single","resource":"minecraft:custom/items/armor/uranium_helmet","sprite":"minecraft:custom/items/armor/uranium_helmet"},{"type":"single","resource":"minecraft:custom/items/armor/uranium_chestplate","sprite":"minecraft:custom/items/armor/uranium_chestplate"},{"type":"single","resource":"minecraft:custom/items/armor/uranium_boots","sprite":"minecraft:custom/items/armor/uranium_boots"},{"type":"single","resource":"minecraft:custom/items/accessory/uranium_ring","sprite":"minecraft:custom/items/accessory/uranium_ring"},{"type":"single","resource":"minecraft:custom/items/accessory/uranium_gloves","sprite":"minecraft:custom/items/accessory/uranium_gloves"},{"type":"single","resource":"minecraft:custom/items/accessory/uranium_canister","sprite":"minecraft:custom/items/accessory/uranium_canister"},{"type":"single","resource":"minecraft:custom/items/accessory/runicator","sprite":"minecraft:custom/items/accessory/runicator"},{"type":"single","resource":"minecraft:custom/items/accessory/nullifying_necklace","sprite":"minecraft:custom/items/accessory/nullifying_necklace"},{"type":"single","resource":"minecraft:custom/items/accessory/mender_choker","sprite":"minecraft:custom/items/accessory/mender_choker"},{"type":"single","resource":"minecraft:custom/items/accessory/iridium_heart","sprite":"minecraft:custom/items/accessory/iridium_heart"},{"type":"single","resource":"minecraft:custom/items/accessory/iridium_glove","sprite":"minecraft:custom/items/accessory/iridium_glove"},{"type":"single","resource":"minecraft:custom/items/accessory/iridium_emblem","sprite":"minecraft:custom/items/accessory/iridium_emblem"},{"type":"single","resource":"minecraft:custom/items/accessory/iridium_claw","sprite":"minecraft:custom/items/accessory/iridium_claw"},{"type":"single","resource":"minecraft:custom/items/accessory/hand_warmer","sprite":"minecraft:custom/items/accessory/hand_warmer"},{"type":"single","resource":"minecraft:custom/items/accessory/chrismas_hat","sprite":"minecraft:custom/items/accessory/chrismas_hat"},{"type":"single","resource":"minecraft:custom/items/accessory/blue_ribbon","sprite":"minecraft:custom/items/accessory/blue_ribbon"},{"type":"single","resource":"minecraft:custom/gui/warp/the_end","sprite":"minecraft:custom/gui/warp/the_end"},{"type":"single","resource":"minecraft:custom/gui/warp/stadium","sprite":"minecraft:custom/gui/warp/stadium"},{"type":"single","resource":"minecraft:custom/gui/warp/draford","sprite":"minecraft:custom/gui/warp/draford"},{"type":"single","resource":"minecraft:custom/gui/warp/coming_soon","sprite":"minecraft:custom/gui/warp/coming_soon"},{"type":"single","resource":"minecraft:custom/gui/warp/ah","sprite":"minecraft:custom/gui/warp/ah"},{"type":"single","resource":"minecraft:custom/gui/store/rank","sprite":"minecraft:custom/gui/store/rank"},{"type":"single","resource":"minecraft:custom/gui/store/catalogue","sprite":"minecraft:custom/gui/store/catalogue"},{"type":"single","resource":"minecraft:custom/gui/stats/wisdom","sprite":"minecraft:custom/gui/stats/wisdom"},{"type":"single","resource":"minecraft:custom/gui/stats/weapon_damage","sprite":"minecraft:custom/gui/stats/weapon_damage"},{"type":"single","resource":"minecraft:custom/gui/stats/tenacity","sprite":"minecraft:custom/gui/stats/tenacity"},{"type":"single","resource":"minecraft:custom/gui/stats/strength","sprite":"minecraft:custom/gui/stats/strength"},{"type":"single","resource":"minecraft:custom/gui/stats/stats","sprite":"minecraft:custom/gui/stats/stats"},{"type":"single","resource":"minecraft:custom/gui/stats/speed","sprite":"minecraft:custom/gui/stats/speed"},{"type":"single","resource":"minecraft:custom/gui/stats/regen","sprite":"minecraft:custom/gui/stats/regen"},{"type":"single","resource":"minecraft:custom/gui/stats/projectile_damage","sprite":"minecraft:custom/gui/stats/projectile_damage"},{"type":"single","resource":"minecraft:custom/gui/stats/pickaxe_power","sprite":"minecraft:custom/gui/stats/pickaxe_power"},{"type":"single","resource":"minecraft:custom/gui/stats/luck","sprite":"minecraft:custom/gui/stats/luck"},{"type":"single","resource":"minecraft:custom/gui/stats/lifesteal","sprite":"minecraft:custom/gui/stats/lifesteal"},{"type":"single","resource":"minecraft:custom/gui/stats/health","sprite":"minecraft:custom/gui/stats/health"},{"type":"single","resource":"minecraft:custom/gui/stats/healing","sprite":"minecraft:custom/gui/stats/healing"},{"type":"single","resource":"minecraft:custom/gui/stats/defense","sprite":"minecraft:custom/gui/stats/defense"},{"type":"single","resource":"minecraft:custom/gui/stats/damagereduction","sprite":"minecraft:custom/gui/stats/damagereduction"},{"type":"single","resource":"minecraft:custom/gui/stats/damage","sprite":"minecraft:custom/gui/stats/damage"},{"type":"single","resource":"minecraft:custom/gui/stats/critdamage","sprite":"minecraft:custom/gui/stats/critdamage"},{"type":"single","resource":"minecraft:custom/gui/stats/critchance","sprite":"minecraft:custom/gui/stats/critchance"},{"type":"single","resource":"minecraft:custom/gui/stats/attackspeed","sprite":"minecraft:custom/gui/stats/attackspeed"},{"type":"single","resource":"minecraft:custom/gui/stats/abilityvamp","sprite":"minecraft:custom/gui/stats/abilityvamp"},{"type":"single","resource":"minecraft:custom/gui/stats/abilityhaste","sprite":"minecraft:custom/gui/stats/abilityhaste"},{"type":"single","resource":"minecraft:custom/gui/stats/abilitydamage","sprite":"minecraft:custom/gui/stats/abilitydamage"},{"type":"single","resource":"minecraft:custom/gui/skills/unlocked","sprite":"minecraft:custom/gui/skills/unlocked"},{"type":"single","resource":"minecraft:custom/gui/skills/sources","sprite":"minecraft:custom/gui/skills/sources"},{"type":"single","resource":"minecraft:custom/gui/skills/previous","sprite":"minecraft:custom/gui/skills/previous"},{"type":"single","resource":"minecraft:custom/gui/skills/next","sprite":"minecraft:custom/gui/skills/next"},{"type":"single","resource":"minecraft:custom/gui/skills/mining","sprite":"minecraft:custom/gui/skills/mining"},{"type":"single","resource":"minecraft:custom/gui/skills/locked","sprite":"minecraft:custom/gui/skills/locked"},{"type":"single","resource":"minecraft:custom/gui/skills/foraging","sprite":"minecraft:custom/gui/skills/foraging"},{"type":"single","resource":"minecraft:custom/gui/skills/fishing","sprite":"minecraft:custom/gui/skills/fishing"},{"type":"single","resource":"minecraft:custom/gui/skills/farming","sprite":"minecraft:custom/gui/skills/farming"},{"type":"single","resource":"minecraft:custom/gui/skills/enchant","sprite":"minecraft:custom/gui/skills/enchant"},{"type":"single","resource":"minecraft:custom/gui/skills/defense","sprite":"minecraft:custom/gui/skills/defense"},{"type":"single","resource":"minecraft:custom/gui/skills/combat","sprite":"minecraft:custom/gui/skills/combat"},{"type":"single","resource":"minecraft:custom/gui/skills/back","sprite":"minecraft:custom/gui/skills/back"},{"type":"single","resource":"minecraft:custom/gui/skills/archery","sprite":"minecraft:custom/gui/skills/archery"},{"type":"single","resource":"minecraft:custom/gui/skills/alchemy","sprite":"minecraft:custom/gui/skills/alchemy"},{"type":"single","resource":"minecraft:custom/gui/skills/ability","sprite":"minecraft:custom/gui/skills/ability"},{"type":"single","resource":"minecraft:custom/gui/settings/trade","sprite":"minecraft:custom/gui/settings/trade"},{"type":"single","resource":"minecraft:custom/gui/settings/teleport","sprite":"minecraft:custom/gui/settings/teleport"},{"type":"single","resource":"minecraft:custom/gui/settings/tags","sprite":"minecraft:custom/gui/settings/tags"},{"type":"single","resource":"minecraft:custom/gui/settings/profile_2","sprite":"minecraft:custom/gui/settings/profile_2"},{"type":"single","resource":"minecraft:custom/gui/settings/profile_1","sprite":"minecraft:custom/gui/settings/profile_1"},{"type":"single","resource":"minecraft:custom/gui/settings/info","sprite":"minecraft:custom/gui/settings/info"},{"type":"single","resource":"minecraft:custom/gui/main_menu/head","sprite":"minecraft:custom/gui/main_menu/head"},{"type":"single","resource":"minecraft:custom/gui/main_menu/9","sprite":"minecraft:custom/gui/main_menu/9"},{"type":"single","resource":"minecraft:custom/gui/main_menu/8","sprite":"minecraft:custom/gui/main_menu/8"},{"type":"single","resource":"minecraft:custom/gui/main_menu/7","sprite":"minecraft:custom/gui/main_menu/7"},{"type":"single","resource":"minecraft:custom/gui/main_menu/6","sprite":"minecraft:custom/gui/main_menu/6"},{"type":"single","resource":"minecraft:custom/gui/main_menu/5","sprite":"minecraft:custom/gui/main_menu/5"},{"type":"single","resource":"minecraft:custom/gui/main_menu/4","sprite":"minecraft:custom/gui/main_menu/4"},{"type":"single","resource":"minecraft:custom/gui/main_menu/3","sprite":"minecraft:custom/gui/main_menu/3"},{"type":"single","resource":"minecraft:custom/gui/main_menu/2","sprite":"minecraft:custom/gui/main_menu/2"},{"type":"single","resource":"minecraft:custom/gui/main_menu/10","sprite":"minecraft:custom/gui/main_menu/10"},{"type":"single","resource":"minecraft:custom/gui/main_menu/1","sprite":"minecraft:custom/gui/main_menu/1"},{"type":"single","resource":"minecraft:custom/gui/lands/shop","sprite":"minecraft:custom/gui/lands/shop"},{"type":"single","resource":"minecraft:custom/gui/lands/settings","sprite":"minecraft:custom/gui/lands/settings"},{"type":"single","resource":"minecraft:custom/gui/lands/members_4","sprite":"minecraft:custom/gui/lands/members_4"},{"type":"single","resource":"minecraft:custom/gui/lands/members_3","sprite":"minecraft:custom/gui/lands/members_3"},{"type":"single","resource":"minecraft:custom/gui/lands/members_2","sprite":"minecraft:custom/gui/lands/members_2"},{"type":"single","resource":"minecraft:custom/gui/lands/members_1","sprite":"minecraft:custom/gui/lands/members_1"},{"type":"single","resource":"minecraft:custom/gui/lands/members","sprite":"minecraft:custom/gui/lands/members"},{"type":"single","resource":"minecraft:custom/gui/lands/lands_4","sprite":"minecraft:custom/gui/lands/lands_4"},{"type":"single","resource":"minecraft:custom/gui/lands/lands_3","sprite":"minecraft:custom/gui/lands/lands_3"},{"type":"single","resource":"minecraft:custom/gui/lands/lands_2","sprite":"minecraft:custom/gui/lands/lands_2"},{"type":"single","resource":"minecraft:custom/gui/lands/lands_1","sprite":"minecraft:custom/gui/lands/lands_1"},{"type":"single","resource":"minecraft:custom/gui/lands/lands","sprite":"minecraft:custom/gui/lands/lands"},{"type":"single","resource":"minecraft:custom/gui/lands/info","sprite":"minecraft:custom/gui/lands/info"},{"type":"single","resource":"minecraft:custom/gui/icons","sprite":"minecraft:custom/gui/icons"},{"type":"single","resource":"minecraft:custom/gui/guild/unlocked","sprite":"minecraft:custom/gui/guild/unlocked"},{"type":"single","resource":"minecraft:custom/gui/guild/locked","sprite":"minecraft:custom/gui/guild/locked"},{"type":"single","resource":"minecraft:custom/gui/guild/level","sprite":"minecraft:custom/gui/guild/level"},{"type":"single","resource":"minecraft:custom/gui/guild/guild","sprite":"minecraft:custom/gui/guild/guild"},{"type":"single","resource":"minecraft:custom/gui/guild/claim","sprite":"minecraft:custom/gui/guild/claim"},{"type":"single","resource":"minecraft:custom/gui/dungeon/stats","sprite":"minecraft:custom/gui/dungeon/stats"},{"type":"single","resource":"minecraft:custom/gui/dungeon/dungeon","sprite":"minecraft:custom/gui/dungeon/dungeon"},{"type":"single","resource":"minecraft:custom/gui/dungeon/coven","sprite":"minecraft:custom/gui/dungeon/coven"},{"type":"single","resource":"minecraft:custom/gui/custom_guis/chrismas","sprite":"minecraft:custom/gui/custom_guis/chrismas"},{"type":"single","resource":"minecraft:custom/gui/codex/unknown_anomaly","sprite":"minecraft:custom/gui/codex/unknown_anomaly"},{"type":"single","resource":"minecraft:custom/gui/codex/the_portal","sprite":"minecraft:custom/gui/codex/the_portal"},{"type":"single","resource":"minecraft:custom/gui/codex/region","sprite":"minecraft:custom/gui/codex/region"},{"type":"single","resource":"minecraft:custom/gui/codex/ravenna","sprite":"minecraft:custom/gui/codex/ravenna"},{"type":"single","resource":"minecraft:custom/gui/codex/mage","sprite":"minecraft:custom/gui/codex/mage"},{"type":"single","resource":"minecraft:custom/gui/codex/enemy","sprite":"minecraft:custom/gui/codex/enemy"},{"type":"single","resource":"minecraft:custom/gui/codex/boss","sprite":"minecraft:custom/gui/codex/boss"},{"type":"single","resource":"minecraft:custom/gui/blacksmith/upgrade","sprite":"minecraft:custom/gui/blacksmith/upgrade"},{"type":"single","resource":"minecraft:custom/gui/bars","sprite":"minecraft:custom/gui/bars"},{"type":"single","resource":"minecraft:custom/font_icons/snowman","sprite":"minecraft:custom/font_icons/snowman"},{"type":"single","resource":"minecraft:custom/font_icons/shield","sprite":"minecraft:custom/font_icons/shield"},{"type":"single","resource":"minecraft:custom/font_icons/rarity_cosmetic","sprite":"minecraft:custom/font_icons/rarity_cosmetic"},{"type":"single","resource":"minecraft:custom/font_icons/physical","sprite":"minecraft:custom/font_icons/physical"},{"type":"single","resource":"minecraft:custom/font_icons/mana","sprite":"minecraft:custom/font_icons/mana"},{"type":"single","resource":"minecraft:custom/font_icons/magic","sprite":"minecraft:custom/font_icons/magic"},{"type":"single","resource":"minecraft:custom/font_icons/jewelling","sprite":"minecraft:custom/font_icons/jewelling"},{"type":"single","resource":"minecraft:custom/font_icons/alert","sprite":"minecraft:custom/font_icons/alert"},{"type":"single","resource":"minecraft:custom/font_icons/220","sprite":"minecraft:custom/font_icons/220"},{"type":"single","resource":"minecraft:custom/equipment_room/tome","sprite":"minecraft:custom/equipment_room/tome"},{"type":"single","resource":"minecraft:custom/equipment_room/ring2","sprite":"minecraft:custom/equipment_room/ring2"},{"type":"single","resource":"minecraft:custom/equipment_room/ring1","sprite":"minecraft:custom/equipment_room/ring1"},{"type":"single","resource":"minecraft:custom/equipment_room/offhand_icon","sprite":"minecraft:custom/equipment_room/offhand_icon"},{"type":"single","resource":"minecraft:custom/equipment_room/offhand","sprite":"minecraft:custom/equipment_room/offhand"},{"type":"single","resource":"minecraft:custom/equipment_room/mainhand","sprite":"minecraft:custom/equipment_room/mainhand"},{"type":"single","resource":"minecraft:custom/equipment_room/leggings_icon","sprite":"minecraft:custom/equipment_room/leggings_icon"},{"type":"single","resource":"minecraft:custom/equipment_room/leggings","sprite":"minecraft:custom/equipment_room/leggings"},{"type":"single","resource":"minecraft:custom/equipment_room/helmet_icon","sprite":"minecraft:custom/equipment_room/helmet_icon"},{"type":"single","resource":"minecraft:custom/equipment_room/helmet","sprite":"minecraft:custom/equipment_room/helmet"},{"type":"single","resource":"minecraft:custom/equipment_room/gloves","sprite":"minecraft:custom/equipment_room/gloves"},{"type":"single","resource":"minecraft:custom/equipment_room/fill","sprite":"minecraft:custom/equipment_room/fill"},{"type":"single","resource":"minecraft:custom/equipment_room/emblem_unlocked","sprite":"minecraft:custom/equipment_room/emblem_unlocked"},{"type":"single","resource":"minecraft:custom/equipment_room/emblem_locked","sprite":"minecraft:custom/equipment_room/emblem_locked"},{"type":"single","resource":"minecraft:custom/equipment_room/emblem","sprite":"minecraft:custom/equipment_room/emblem"},{"type":"single","resource":"minecraft:custom/equipment_room/chestplate_icon","sprite":"minecraft:custom/equipment_room/chestplate_icon"},{"type":"single","resource":"minecraft:custom/equipment_room/chestplate","sprite":"minecraft:custom/equipment_room/chestplate"},{"type":"single","resource":"minecraft:custom/equipment_room/bracelet","sprite":"minecraft:custom/equipment_room/bracelet"},{"type":"single","resource":"minecraft:custom/equipment_room/boots_icon","sprite":"minecraft:custom/equipment_room/boots_icon"},{"type":"single","resource":"minecraft:custom/equipment_room/boots","sprite":"minecraft:custom/equipment_room/boots"},{"type":"single","resource":"minecraft:custom/equipment_room/artifact_unlocked","sprite":"minecraft:custom/equipment_room/artifact_unlocked"},{"type":"single","resource":"minecraft:custom/equipment_room/artifact_locked","sprite":"minecraft:custom/equipment_room/artifact_locked"},{"type":"single","resource":"minecraft:custom/equipment_room/artifact3","sprite":"minecraft:custom/equipment_room/artifact3"},{"type":"single","resource":"minecraft:custom/equipment_room/artifact2","sprite":"minecraft:custom/equipment_room/artifact2"},{"type":"single","resource":"minecraft:custom/equipment_room/artifact1","sprite":"minecraft:custom/equipment_room/artifact1"},{"type":"single","resource":"minecraft:custom/equipment_room/amulet","sprite":"minecraft:custom/equipment_room/amulet"},{"type":"single","resource":"minecraft:custom/emojis/cry","sprite":"minecraft:custom/emojis/cry"},{"type":"single","resource":"minecraft:custom/blocks/uranium_ore","sprite":"minecraft:custom/blocks/uranium_ore"},{"type":"single","resource":"minecraft:custom/blocks/titanium_ore","sprite":"minecraft:custom/blocks/titanium_ore"},{"type":"single","resource":"minecraft:custom/blocks/orichalcum_ore","sprite":"minecraft:custom/blocks/orichalcum_ore"},{"type":"single","resource":"minecraft:custom/blocks/mythril_ore","sprite":"minecraft:custom/blocks/mythril_ore"},{"type":"single","resource":"minecraft:custom/blocks/iridium_ore","sprite":"minecraft:custom/blocks/iridium_ore"},{"type":"single","resource":"minecraft:custom/blocks/crimstone_ore","sprite":"minecraft:custom/blocks/crimstone_ore"},{"type":"single","resource":"minecraft:custom/abilities/slow_death","sprite":"minecraft:custom/abilities/slow_death"},{"type":"single","resource":"minecraft:custom/abilities/pulsating","sprite":"minecraft:custom/abilities/pulsating"},{"type":"single","resource":"minecraft:custom/abilities/one_with_the_void","sprite":"minecraft:custom/abilities/one_with_the_void"},{"type":"single","resource":"minecraft:custom/abilities/nature_wrath","sprite":"minecraft:custom/abilities/nature_wrath"},{"type":"single","resource":"minecraft:custom/abilities/mend","sprite":"minecraft:custom/abilities/mend"},{"type":"single","resource":"minecraft:custom/abilities/maniac","sprite":"minecraft:custom/abilities/maniac"},{"type":"single","resource":"minecraft:custom/abilities/ivory_fury","sprite":"minecraft:custom/abilities/ivory_fury"},{"type":"single","resource":"minecraft:custom/abilities/grasp","sprite":"minecraft:custom/abilities/grasp"},{"type":"single","resource":"minecraft:custom/abilities/frost_free","sprite":"minecraft:custom/abilities/frost_free"},{"type":"single","resource":"minecraft:custom/abilities/doomweaver","sprite":"minecraft:custom/abilities/doomweaver"},{"type":"single","resource":"minecraft:custom/abilities/divine_intervention","sprite":"minecraft:custom/abilities/divine_intervention"},{"type":"single","resource":"minecraft:custom/abilities/dark_remnant","sprite":"minecraft:custom/abilities/dark_remnant"},{"type":"single","resource":"minecraft:custom/abilities/berserk","sprite":"minecraft:custom/abilities/berserk"}]}