{"parent":"item/generated","textures":{"layer0":"item/bone"},"overrides":[{"predicate":{"custom_model_data":1},"model":"ac1"},{"predicate":{"custom_model_data":2},"model":"ac2"},{"predicate":{"custom_model_data":3},"model":"ac3"},{"predicate":{"custom_model_data":4},"model":"ac4"},{"predicate":{"custom_model_data":5},"model":"ac5"},{"predicate":{"custom_model_data":6},"model":"ac6"},{"predicate":{"custom_model_data":7},"model":"ac7"},{"predicate":{"custom_model_data":8},"model":"ac8"},{"predicate":{"custom_model_data":9},"model":"ac9"}]}