{"parent":"item/handheld","textures":{"layer0":"item/diamond_hoe"},"overrides":[{"predicate":{"custom_model_data":1},"model":"mmoinventory_helmet"},{"predicate":{"custom_model_data":2},"model":"mmoinventory_chestplate"},{"predicate":{"custom_model_data":3},"model":"mmoinventory_leggings"},{"predicate":{"custom_model_data":4},"model":"mmoinventory_boots"},{"predicate":{"custom_model_data":10},"model":"mmoinventory_artifact_1"},{"predicate":{"custom_model_data":11},"model":"mmoinventory_emblem"},{"predicate":{"custom_model_data":14},"model":"mmoinventory_off_hand"},{"predicate":{"custom_model_data":15},"model":"mmoinventory_artifact_2"},{"predicate":{"custom_model_data":16},"model":"mmoinventory_artifact_3"}]}