{"parent":"item/generated","textures":{"layer0":"item/emerald"},"overrides":[{"predicate":{"custom_model_data":1},"model":"rune1"},{"predicate":{"custom_model_data":2},"model":"rune2"},{"predicate":{"custom_model_data":3},"model":"rune3"},{"predicate":{"custom_model_data":4},"model":"rune4"},{"predicate":{"custom_model_data":5},"model":"rune5"},{"predicate":{"custom_model_data":6},"model":"rune6"},{"predicate":{"custom_model_data":7},"model":"rune7"},{"predicate":{"custom_model_data":8},"model":"rune8"},{"predicate":{"custom_model_data":9},"model":"rune9"},{"predicate":{"custom_model_data":10},"model":"rune10"},{"predicate":{"custom_model_data":11},"model":"rune11"},{"predicate":{"custom_model_data":12},"model":"rune12"},{"predicate":{"custom_model_data":13},"model":"rune13"},{"predicate":{"custom_model_data":14},"model":"rune14"},{"predicate":{"custom_model_data":15},"model":"rune15"},{"predicate":{"custom_model_data":16},"model":"derunator"}]}