{"parent":"item/generated","textures":{"layer0":"item/glass_bottle"},"overrides":[{"predicate":{"custom_model_data":1},"model":"pot1"},{"predicate":{"custom_model_data":2},"model":"pot2"},{"predicate":{"custom_model_data":3},"model":"pot3"},{"predicate":{"custom_model_data":4},"model":"pot4"},{"predicate":{"custom_model_data":5},"model":"pot5"},{"predicate":{"custom_model_data":6},"model":"pot6"},{"predicate":{"custom_model_data":7},"model":"pot7"},{"predicate":{"custom_model_data":8},"model":"pot8"}]}