{"parent":"item/handheld","textures":{"layer0":"item/iron_sword"},"overrides":[{"predicate":{"custom_model_data":1},"model":"sword1"},{"predicate":{"custom_model_data":2},"model":"sword2"},{"predicate":{"custom_model_data":3},"model":"sword3"},{"predicate":{"custom_model_data":4},"model":"sword4"},{"predicate":{"custom_model_data":5},"model":"sword5"},{"predicate":{"custom_model_data":6},"model":"sword6"},{"predicate":{"custom_model_data":7},"model":"sword7"},{"predicate":{"custom_model_data":8},"model":"sword8"},{"predicate":{"custom_model_data":9},"model":"sword9"},{"predicate":{"custom_model_data":10},"model":"sword10"},{"predicate":{"custom_model_data":11},"model":"sword11"},{"predicate":{"custom_model_data":12},"model":"sword12"},{"predicate":{"custom_model_data":13},"model":"sword13"}]}