{"parent":"item/generated","textures":{"layer0":"item/paper"},"overrides":[{"predicate":{"custom_model_data":2},"model":"p2"},{"predicate":{"custom_model_data":3},"model":"p3"},{"predicate":{"custom_model_data":4},"model":"p4"},{"predicate":{"custom_model_data":5},"model":"p5"},{"predicate":{"custom_model_data":6},"model":"p6"},{"predicate":{"custom_model_data":7},"model":"p7"},{"predicate":{"custom_model_data":8},"model":"p8"},{"predicate":{"custom_model_data":9},"model":"p9"},{"predicate":{"custom_model_data":10},"model":"p10"},{"predicate":{"custom_model_data":11},"model":"p11"},{"predicate":{"custom_model_data":12},"model":"p12"},{"predicate":{"custom_model_data":13},"model":"p13"},{"predicate":{"custom_model_data":14},"model":"p14"},{"predicate":{"custom_model_data":15},"model":"p15"},{"predicate":{"custom_model_data":16},"model":"p16"},{"predicate":{"custom_model_data":17},"model":"p17"},{"predicate":{"custom_model_data":18},"model":"p18"},{"predicate":{"custom_model_data":19},"model":"p19"},{"predicate":{"custom_model_data":20},"model":"p20"},{"predicate":{"custom_model_data":21},"model":"p21"},{"predicate":{"custom_model_data":23},"model":"p23"},{"predicate":{"custom_model_data":24},"model":"p24"},{"predicate":{"custom_model_data":25},"model":"p25"},{"predicate":{"custom_model_data":26},"model":"p26"},{"predicate":{"custom_model_data":27},"model":"p27"},{"predicate":{"custom_model_data":28},"model":"p28"},{"predicate":{"custom_model_data":29},"model":"p29"},{"predicate":{"custom_model_data":32},"model":"p31"},{"predicate":{"custom_model_data":33},"model":"p32"},{"predicate":{"custom_model_data":34},"model":"p33"},{"predicate":{"custom_model_data":35},"model":"p34"},{"predicate":{"custom_model_data":36},"model":"p35"},{"predicate":{"custom_model_data":38},"model":"p38"},{"predicate":{"custom_model_data":39},"model":"p39"},{"predicate":{"custom_model_data":40},"model":"p40"},{"predicate":{"custom_model_data":41},"model":"p41"},{"predicate":{"custom_model_data":42},"model":"p42"},{"predicate":{"custom_model_data":43},"model":"p43"},{"predicate":{"custom_model_data":44},"model":"p44"},{"predicate":{"custom_model_data":45},"model":"p45"},{"predicate":{"custom_model_data":46},"model":"p46"},{"predicate":{"custom_model_data":47},"model":"p47"},{"predicate":{"custom_model_data":48},"model":"p48"},{"predicate":{"custom_model_data":49},"model":"p49"},{"predicate":{"custom_model_data":50},"model":"p50"},{"predicate":{"custom_model_data":51},"model":"p51"},{"predicate":{"custom_model_data":52},"model":"p52"},{"predicate":{"custom_model_data":53},"model":"p53"},{"predicate":{"custom_model_data":54},"model":"p54"}]}