{"parent":"item/generated","textures":{"layer0":"item/salmon"},"overrides":[{"predicate":{"custom_model_data":1},"model":"f1"},{"predicate":{"custom_model_data":2},"model":"f2"},{"predicate":{"custom_model_data":3},"model":"f3"},{"predicate":{"custom_model_data":4},"model":"f4"},{"predicate":{"custom_model_data":5},"model":"f5"},{"predicate":{"custom_model_data":6},"model":"f6"},{"predicate":{"custom_model_data":7},"model":"f7"},{"predicate":{"custom_model_data":8},"model":"f8"},{"predicate":{"custom_model_data":9},"model":"f9"},{"predicate":{"custom_model_data":10},"model":"f10"},{"predicate":{"custom_model_data":11},"model":"f11"},{"predicate":{"custom_model_data":12},"model":"f12"},{"predicate":{"custom_model_data":13},"model":"f13"},{"predicate":{"custom_model_data":14},"model":"f14"},{"predicate":{"custom_model_data":15},"model":"f15"},{"predicate":{"custom_model_data":16},"model":"f16"},{"predicate":{"custom_model_data":17},"model":"f17"},{"predicate":{"custom_model_data":18},"model":"f18"},{"predicate":{"custom_model_data":19},"model":"f19"},{"predicate":{"custom_model_data":20},"model":"f20"},{"predicate":{"custom_model_data":21},"model":"f21"},{"predicate":{"custom_model_data":22},"model":"f22"},{"predicate":{"custom_model_data":23},"model":"f23"},{"predicate":{"custom_model_data":24},"model":"f24"},{"predicate":{"custom_model_data":25},"model":"f25"},{"predicate":{"custom_model_data":26},"model":"f26"},{"predicate":{"custom_model_data":27},"model":"f27"},{"predicate":{"custom_model_data":28},"model":"f28"},{"predicate":{"custom_model_data":29},"model":"f29"},{"predicate":{"custom_model_data":30},"model":"f30"},{"predicate":{"custom_model_data":31},"model":"f31"},{"predicate":{"custom_model_data":32},"model":"f32"},{"predicate":{"custom_model_data":33},"model":"f33"},{"predicate":{"custom_model_data":34},"model":"f34"},{"predicate":{"custom_model_data":35},"model":"f35"},{"predicate":{"custom_model_data":36},"model":"f36"}]}