{"providers":[{"chars":[""],"file":"required/null.png","ascent":-32768,"height":-514,"type":"bitmap"},{"chars":["む"],"file":"custom/emojis/triggered.png","ascent":9,"height":10,"type":"bitmap"},{"chars":["オ"],"file":"custom/gui/blacksmith/prefix.png","ascent":9,"height":10,"type":"bitmap"},{"chars":["௄"],"file":"custom/font_icons/rank_emerald.png","ascent":7,"height":14,"type":"bitmap"},{"chars":["ぢ"],"file":"custom/emojis/happy.png","ascent":9,"height":10,"type":"bitmap"},{"chars":["ｰ"],"file":"custom/abilities/focus.png","ascent":9,"height":10,"type":"bitmap"},{"chars":["ぶ"],"file":"custom/emojis/mom.png","ascent":9,"height":10,"type":"bitmap"},{"chars":["஺"],"file":"custom/font_icons/rarity_rare.png","ascent":7,"height":14,"type":"bitmap"},{"chars":["ꐔ"],"file":"required/exit_icon.png","ascent":8,"height":8,"type":"bitmap"},{"chars":["௜"],"file":"custom/font_icons/tips.png","ascent":7,"height":8,"type":"bitmap"},{"chars":["ꐑ"],"file":"required/recipe_showcase.png","ascent":40,"height":164,"type":"bitmap"},{"chars":["ロ"],"file":"custom/abilities/mystic_burst.png","ascent":9,"height":10,"type":"bitmap"},{"chars":["஽"],"file":"custom/font_icons/rarity_mythic.png","ascent":7,"height":14,"type":"bitmap"},{"chars":["ఋ"],"file":"custom/gui/custom_guis/blacksmith.png","ascent":19,"height":256,"type":"bitmap"},{"chars":["ひ"],"file":"custom/emojis/iwillfuckingeatyou.png","ascent":9,"height":10,"type":"bitmap"},{"chars":["ぁ"],"file":"custom/abilities/ice_spikes.png","ascent":9,"height":10,"type":"bitmap"},{"chars":["்"],"file":"custom/region/coven.png","ascent":11,"height":14,"type":"bitmap"},{"chars":["ష"],"file":"custom/abilities/chance_dictator.png","ascent":9,"height":10,"type":"bitmap"},{"chars":["レ"],"file":"custom/abilities/retribution.png","ascent":9,"height":10,"type":"bitmap"},{"chars":["べ"],"file":"custom/emojis/soproud.png","ascent":9,"height":10,"type":"bitmap"},{"chars":["ｨ"],"file":"custom/abilities/reposition.png","ascent":9,"height":10,"type":"bitmap"},{"chars":[""],"file":"required/null.png","ascent":-32768,"height":1022,"type":"bitmap"},{"chars":["௞"],"file":"custom/font_icons/join.png","ascent":8,"height":10,"type":"bitmap"},{"chars":["ヅ"],"file":"custom/abilities/deep_wound.png","ascent":9,"height":10,"type":"bitmap"},{"chars":["ஹ"],"file":"custom/font_icons/rarity_uncommon.png","ascent":7,"height":14,"type":"bitmap"},{"chars":["く"],"file":"custom/npc/10.png","ascent":9,"height":46,"type":"bitmap"},{"chars":["ヾ"],"file":"custom/npc/11.png","ascent":9,"height":46,"type":"bitmap"},{"chars":["ఽ"],"file":"custom/abilities/ice_reaper.png","ascent":9,"height":10,"type":"bitmap"},{"chars":["り"],"file":"custom/emojis/sunglasses.png","ascent":9,"height":10,"type":"bitmap"},{"chars":["ヺ"],"file":"custom/npc/12.png","ascent":9,"height":46,"type":"bitmap"},{"chars":["ோ"],"file":"custom/region/nether.png","ascent":11,"height":14,"type":"bitmap"},{"chars":["ఙ"],"file":"custom/gui/custom_guis/alchemist.png","ascent":19,"height":256,"type":"bitmap"},{"chars":["క"],"file":"custom/npc/13.png","ascent":9,"height":46,"type":"bitmap"},{"chars":["ほ"],"file":"custom/emojis/saywhatnow.png","ascent":9,"height":10,"type":"bitmap"},{"chars":["ఝ"],"file":"custom/npc/14.png","ascent":9,"height":46,"type":"bitmap"},{"chars":["ォ"],"file":"custom/gui/blacksmith/upgrade.png","ascent":9,"height":10,"type":"bitmap"},{"chars":["ఏ"],"file":"items/mmoinventory/leggings_icon.png","ascent":9,"height":10,"type":"bitmap"},{"chars":["ெ"],"file":"custom/font_icons/rank_mod.png","ascent":7,"height":14,"type":"bitmap"},{"chars":["ௐ"],"file":"custom/region/ah.png","ascent":11,"height":14,"type":"bitmap"},{"chars":["ு"],"file":"custom/font_icons/rank_gold.png","ascent":7,"height":14,"type":"bitmap"},{"chars":["づ"],"file":"custom/emojis/neutral.png","ascent":9,"height":10,"type":"bitmap"},{"chars":["ヰ"],"file":"custom/abilities/calamitous_ray.png","ascent":9,"height":10,"type":"bitmap"},{"chars":["௉"],"file":"custom/region/draford.png","ascent":11,"height":13,"type":"bitmap"},{"chars":["ま"],"file":"custom/npc/1.png","ascent":9,"height":46,"type":"bitmap"},{"chars":["ゐ"],"file":"custom/npc/2.png","ascent":9,"height":46,"type":"bitmap"},{"chars":["ん"],"file":"custom/npc/3.png","ascent":9,"height":46,"type":"bitmap"},{"chars":[""],"file":"required/null.png","ascent":-32768,"height":62,"type":"bitmap"},{"chars":["゠"],"file":"custom/npc/4.png","ascent":9,"height":46,"type":"bitmap"},{"chars":[""],"file":"required/null.png","ascent":-32768,"height":-4,"type":"bitmap"},{"chars":["ね"],"file":"custom/emojis/butidontwantit.png","ascent":9,"height":10,"type":"bitmap"},{"chars":["エ"],"file":"custom/npc/5.png","ascent":9,"height":46,"type":"bitmap"},{"chars":[""],"file":"required/null.png","ascent":-32768,"height":-3,"type":"bitmap"},{"chars":[""],"file":"required/null.png","ascent":-32768,"height":-1026,"type":"bitmap"},{"chars":["に"],"file":"custom/emojis/aw.png","ascent":9,"height":10,"type":"bitmap"},{"chars":["ウ"],"file":"custom/npc/6.png","ascent":9,"height":46,"type":"bitmap"},{"chars":["田"],"file":"required/ui/menu_banner.png","ascent":-14,"height":256,"type":"bitmap"},{"chars":["な"],"file":"custom/emojis/annoyedbyit.png","ascent":9,"height":10,"type":"bitmap"},{"chars":["ゥ"],"file":"custom/npc/7.png","ascent":9,"height":46,"type":"bitmap"},{"chars":["ゥ"],"file":"custom/npc/8.png","ascent":9,"height":46,"type":"bitmap"},{"chars":["ఀ"],"file":"custom/gui/custom_guis/profile.png","ascent":19,"height":256,"type":"bitmap"},{"chars":["ぐ"],"file":"custom/npc/9.png","ascent":9,"height":46,"type":"bitmap"},{"chars":[""],"file":"required/null.png","ascent":-32768,"height":-6,"type":"bitmap"},{"chars":[""],"file":"required/null.png","ascent":-32768,"height":-34,"type":"bitmap"},{"chars":["స"],"file":"custom/abilities/cobra_curse.png","ascent":9,"height":10,"type":"bitmap"},{"chars":["ே"],"file":"custom/font_icons/rank_admin.png","ascent":7,"height":14,"type":"bitmap"},{"chars":["఑"],"file":"items/mmoinventory/offhand_icon.png","ascent":9,"height":10,"type":"bitmap"},{"chars":[""],"file":"required/null.png","ascent":-32768,"height":-10,"type":"bitmap"},{"chars":["ஸ"],"file":"custom/font_icons/rarity_common.png","ascent":7,"height":14,"type":"bitmap"},{"chars":["ீ"],"file":"custom/font_icons/rank_iron.png","ascent":7,"height":14,"type":"bitmap"},{"chars":["௝"],"file":"custom/font_icons/boss.png","ascent":8,"height":10,"type":"bitmap"},{"chars":["௘"],"file":"custom/font_icons/hyron.png","ascent":11,"height":15,"type":"bitmap"},{"chars":["ఖ"],"file":"custom/abilities/toxic_fumes.png","ascent":9,"height":10,"type":"bitmap"},{"chars":["ｩ"],"file":"custom/abilities/frail_hex.png","ascent":9,"height":10,"type":"bitmap"},{"chars":["ి"],"file":"custom/font_icons/chrismas_gift.png","ascent":9,"height":10,"type":"bitmap"},{"chars":["௣"],"file":"custom/font_icons/coins.png","ascent":7,"height":8,"type":"bitmap"},{"chars":["ｧ"],"file":"custom/abilities/tradeoff.png","ascent":9,"height":10,"type":"bitmap"},{"chars":["௟"],"file":"custom/font_icons/notify.png","ascent":8,"height":10,"type":"bitmap"},{"chars":["ヱ"],"file":"custom/abilities/adaptive.png","ascent":9,"height":10,"type":"bitmap"},{"chars":["௒"],"file":"custom/region/library.png","ascent":11,"height":14,"type":"bitmap"},{"chars":[""],"file":"required/null.png","ascent":-32768,"height":254,"type":"bitmap"},{"chars":["శ"],"file":"custom/abilities/celestial_aid.png","ascent":9,"height":10,"type":"bitmap"},{"chars":[""],"file":"required/null.png","ascent":-32768,"height":-66,"type":"bitmap"},{"chars":["ఌ"],"file":"custom/gui/custom_guis/jeweler.png","ascent":19,"height":256,"type":"bitmap"},{"chars":["ｫ"],"file":"custom/abilities/firelord.png","ascent":9,"height":10,"type":"bitmap"},{"chars":["௕"],"file":"custom/font_icons/tab_realestate.png","ascent":9,"height":11,"type":"bitmap"},{"chars":["ふ"],"file":"custom/emojis/grrr.png","ascent":9,"height":10,"type":"bitmap"},{"chars":["へ"],"file":"custom/emojis/quiet.png","ascent":9,"height":10,"type":"bitmap"},{"chars":["ఐ"],"file":"items/mmoinventory/boots_icon.png","ascent":9,"height":10,"type":"bitmap"},{"chars":["௃"],"file":"custom/font_icons/rank_diamond.png","ascent":7,"height":14,"type":"bitmap"},{"chars":[""],"file":"required/null.png","ascent":-32768,"height":6,"type":"bitmap"},{"chars":[""],"file":"required/null.png","ascent":-32768,"height":-1,"type":"bitmap"},{"chars":["ூ"],"file":"custom/font_icons/rank_redstone.png","ascent":7,"height":14,"type":"bitmap"},{"chars":[""],"file":"required/null.png","ascent":-32768,"height":0,"type":"bitmap"},{"chars":[""],"file":"required/null.png","ascent":-32768,"height":2,"type":"bitmap"},{"chars":["ఛ"],"file":"custom/gui/custom_guis/crate.png","ascent":19,"height":256,"type":"bitmap"},{"chars":["௏"],"file":"custom/region/hall_of_fame.png","ascent":11,"height":14,"type":"bitmap"},{"chars":["ぬ"],"file":"custom/emojis/butbut.png","ascent":9,"height":10,"type":"bitmap"},{"chars":["௔"],"file":"custom/font_icons/tab_charactor.png","ascent":9,"height":11,"type":"bitmap"},{"chars":["と"],"file":"custom/emojis/haha.png","ascent":9,"height":10,"type":"bitmap"},{"chars":["ど"],"file":"custom/emojis/outrage.png","ascent":9,"height":10,"type":"bitmap"},{"chars":["ௌ"],"file":"custom/region/the_end.png","ascent":11,"height":14,"type":"bitmap"},{"chars":["ఓ"],"file":"custom/font_icons/emblem_icon.png","ascent":9,"height":10,"type":"bitmap"},{"chars":["௛"],"file":"custom/font_icons/quest.png","ascent":9,"height":10,"type":"bitmap"},{"chars":["ろ"],"file":"custom/emojis/dood.png","ascent":9,"height":10,"type":"bitmap"},{"chars":["ぽ"],"file":"custom/emojis/stunned.png","ascent":9,"height":10,"type":"bitmap"},{"chars":["ꐓ"],"file":"required/ui/menu_items_gems.png","ascent":37,"height":256,"type":"bitmap"},{"chars":[""],"file":"required/null.png","ascent":-32768,"height":30,"type":"bitmap"},{"chars":["ｯ"],"file":"custom/abilities/evade.png","ascent":9,"height":10,"type":"bitmap"},{"chars":["ꐐ"],"file":"required/logo.png","ascent":20,"height":36,"type":"bitmap"},{"chars":["చ"],"file":"custom/gui/custom_guis/accessory_room.png","ascent":19,"height":256,"type":"bitmap"},{"chars":[""],"file":"required/null.png","ascent":-32768,"height":510,"type":"bitmap"},{"chars":["௚"],"file":"custom/font_icons/talk.png","ascent":9,"height":10,"type":"bitmap"},{"chars":["వ"],"file":"custom/abilities/bloodthirst.png","ascent":9,"height":10,"type":"bitmap"},{"chars":["౎"],"file":"custom/region/alchemy_room.png","ascent":11,"height":14,"type":"bitmap"},{"chars":["て"],"file":"custom/emojis/beard.png","ascent":9,"height":10,"type":"bitmap"},{"chars":["௙"],"file":"custom/font_icons/coins.png","ascent":10,"height":15,"type":"bitmap"},{"chars":["ヷ"],"file":"custom/abilities/ritual_of_the_end.png","ascent":9,"height":10,"type":"bitmap"},{"chars":["ொ"],"file":"custom/region/overworld.png","ascent":11,"height":14,"type":"bitmap"},{"chars":["ぷ"],"file":"custom/emojis/ohreally.png","ascent":9,"height":10,"type":"bitmap"},{"chars":["だ"],"file":"custom/abilities/frosty_trusty.png","ascent":9,"height":10,"type":"bitmap"},{"chars":[""],"file":"required/null.png","ascent":-32768,"height":14,"type":"bitmap"},{"chars":["஻"],"file":"custom/font_icons/rarity_epic.png","ascent":7,"height":14,"type":"bitmap"},{"chars":["ぱ"],"file":"custom/emojis/chick.png","ascent":9,"height":10,"type":"bitmap"},{"chars":["௓"],"file":"custom/region/dungeon_portal.png","ascent":11,"height":14,"type":"bitmap"},{"chars":["఺"],"file":"custom/region/jeweler.png","ascent":11,"height":14,"type":"bitmap"},{"chars":["ꐒ"],"file":"required/ui/menu_items.png","ascent":37,"height":256,"type":"bitmap"},{"chars":[""],"file":"required/null.png","ascent":-32768,"height":126,"type":"bitmap"},{"chars":["ｮ"],"file":"custom/abilities/living_flames.png","ascent":9,"height":10,"type":"bitmap"},{"chars":["ヸ"],"file":"custom/abilities/matching_attires.png","ascent":9,"height":10,"type":"bitmap"},{"chars":["ఎ"],"file":"items/mmoinventory/chestplate_icon.png","ascent":9,"height":10,"type":"bitmap"},{"chars":["は"],"file":"custom/emojis/handsome.png","ascent":9,"height":10,"type":"bitmap"},{"chars":["௎"],"file":"custom/region/shop.png","ascent":11,"height":14,"type":"bitmap"},{"chars":["パ"],"file":"custom/logo/logo.png","ascent":17,"height":32,"type":"bitmap"},{"chars":["ｦ"],"file":"custom/abilities/doomslayer.png","ascent":9,"height":10,"type":"bitmap"},{"chars":["ｪ"],"file":"custom/abilities/warden_blessing.png","ascent":9,"height":10,"type":"bitmap"},{"chars":["ｭ"],"file":"custom/abilities/banish.png","ascent":9,"height":10,"type":"bitmap"},{"chars":[""],"file":"required/null.png","ascent":-32768,"height":-258,"type":"bitmap"},{"chars":["み"],"file":"custom/emojis/tiredofit.png","ascent":9,"height":10,"type":"bitmap"},{"chars":["఻"],"file":"custom/abilities/starborne_conversion.png","ascent":9,"height":10,"type":"bitmap"},{"chars":["ௗ"],"file":"custom/font_icons/hyron.png","ascent":9,"height":11,"type":"bitmap"},{"chars":["ば"],"file":"custom/emojis/depressedboy.png","ascent":9,"height":10,"type":"bitmap"},{"chars":["デ"],"file":"custom/abilities/doppelganger.png","ascent":9,"height":10,"type":"bitmap"},{"chars":["ி"],"file":"custom/font_icons/rank_stone.png","ascent":7,"height":14,"type":"bitmap"},{"chars":["つ"],"file":"custom/emojis/sad.png","ascent":9,"height":10,"type":"bitmap"},{"chars":["テ"],"file":"custom/abilities/cosmic_ally.png","ascent":9,"height":10,"type":"bitmap"},{"chars":["び"],"file":"custom/emojis/sleepy.png","ascent":9,"height":10,"type":"bitmap"},{"chars":["఍"],"file":"items/mmoinventory/helmet_icon.png","ascent":9,"height":10,"type":"bitmap"},{"chars":[""],"file":"required/null.png","ascent":-32768,"height":-130,"type":"bitmap"},{"chars":["ா"],"file":"custom/font_icons/rarity_divine.png","ascent":7,"height":14,"type":"bitmap"},{"chars":[""],"file":"required/null.png","ascent":-32768,"height":-18,"type":"bitmap"},{"chars":["హ"],"file":"custom/abilities/essence_theft.png","ascent":9,"height":10,"type":"bitmap"},{"chars":["ぼ"],"file":"custom/emojis/sexy.png","ascent":9,"height":10,"type":"bitmap"},{"chars":["ｱ"],"file":"custom/abilities/necromancy.png","ascent":9,"height":10,"type":"bitmap"},{"chars":["る"],"file":"custom/emojis/yaranaika.png","ascent":9,"height":10,"type":"bitmap"},{"chars":["ை"],"file":"custom/font_icons/rank_owner.png","ascent":7,"height":14,"type":"bitmap"},{"chars":["と"],"file":"custom/emojis/shocked.png","ascent":9,"height":10,"type":"bitmap"},{"chars":["ポ"],"file":"custom/abilities/voidborne.png","ascent":9,"height":10,"type":"bitmap"},{"chars":["ぴ"],"file":"custom/emojis/niceboy.png","ascent":9,"height":10,"type":"bitmap"},{"chars":["ヹ"],"file":"custom/abilities/radiation.png","ascent":9,"height":10,"type":"bitmap"},{"chars":["ぺ"],"file":"custom/emojis/sadboy.png","ascent":9,"height":10,"type":"bitmap"},{"chars":["௑"],"file":"custom/region/prize_corner.png","ascent":11,"height":14,"type":"bitmap"},{"chars":["௖"],"file":"custom/font_icons/tab_quests.png","ascent":9,"height":10,"type":"bitmap"},{"chars":["஼"],"file":"custom/font_icons/rarity_legendary.png","ascent":7,"height":14,"type":"bitmap"},{"chars":["௅"],"file":"custom/font_icons/rank_helper.png","ascent":7,"height":14,"type":"bitmap"},{"chars":["ఒ"],"file":"custom/font_icons/access.png","ascent":9,"height":10,"type":"bitmap"},{"chars":["ా"],"file":"custom/abilities/frosty_fury.png","ascent":9,"height":10,"type":"bitmap"}]}